{"accuracy": 0.865, "precision": 0.5319148936170213, "recall": 0.8333333333333334, "f1": 0.6493506493506493}